INSERT INTO board (user_id, subject, content, hit, register_time, article_type)
VALUES
('ssafy', 'Subject 1', 'Content 1', DEFAULT, DEFAULT, 0),
('ssafy', 'Subject 2', 'Content 2', DEFAULT, DEFAULT, 0),
('ssafy', 'Subject 3', 'Content 3', DEFAULT, DEFAULT, 0),
('ssafy', 'Subject 4', 'Content 4', DEFAULT, DEFAULT, 0),
('ssafy', 'Subject 5', 'Content 5', DEFAULT, DEFAULT, 0),
('ssafy', 'Subject 6', 'Content 6', DEFAULT, DEFAULT, 0),
('ssafy', 'Subject 7', 'Content 7', DEFAULT, DEFAULT, 0),
('ssafy', 'Subject 8', 'Content 8', DEFAULT, DEFAULT, 0),
('ssafy', 'Subject 9', 'Content 9', DEFAULT, DEFAULT, 0),
('ssafy', 'Subject 10', 'Content 10', DEFAULT, DEFAULT, 0),
('ssafy', 'Subject 11', 'Content 11', DEFAULT, DEFAULT, 0),
('ssafy', 'Subject 12', 'Content 12', DEFAULT, DEFAULT, 0),
('ssafy', 'Subject 13', 'Content 13', DEFAULT, DEFAULT, 0),
('ssafy', 'Subject 14', 'Content 14', DEFAULT, DEFAULT, 0),
('ssafy', 'Subject 15', 'Content 15', DEFAULT, DEFAULT, 0),
('ssafy', 'Subject 16', 'Content 16', DEFAULT, DEFAULT, 0),
('ssafy', 'Subject 17', 'Content 17', DEFAULT, DEFAULT, 0),
('ssafy', 'Subject 18', 'Content 18', DEFAULT, DEFAULT, 0),
('ssafy', 'Subject 19', 'Content 19', DEFAULT, DEFAULT, 0),
('ssafy', 'Subject 20', 'Content 20', DEFAULT, DEFAULT, 0),
('ssafy', 'Subject 21', 'Content 21', DEFAULT, DEFAULT, 0),
('ssafy', 'Subject 22', 'Content 22', DEFAULT, DEFAULT, 0),
('ssafy', 'Subject 23', 'Content 23', DEFAULT, DEFAULT, 0),
('ssafy', 'Subject 24', 'Content 24', DEFAULT, DEFAULT, 0),
('ssafy', 'Subject 25', 'Content 25', DEFAULT, DEFAULT, 0),
('ssafy', 'Subject 26', 'Content 26', DEFAULT, DEFAULT, 0),
('ssafy', 'Subject 27', 'Content 27', DEFAULT, DEFAULT, 0),
('ssafy', 'Subject 28', 'Content 28', DEFAULT, DEFAULT, 0),
('ssafy', 'Subject 29', 'Content 29', DEFAULT, DEFAULT, 0),
('ssafy', 'Subject 30', 'Content 30', DEFAULT, DEFAULT, 0),
('ssafy', 'Subject 31', 'Content 31', DEFAULT, DEFAULT, 0),
('ssafy', 'Subject 32', 'Content 32', DEFAULT, DEFAULT, 0),
('ssafy', 'Subject 33', 'Content 33', DEFAULT, DEFAULT, 0),
('ssafy', 'Subject 34', 'Content 34', DEFAULT, DEFAULT, 0),
('ssafy', 'Subject 35', 'Content 35', DEFAULT, DEFAULT, 0),
('ssafy', 'Subject 36', 'Content 36', DEFAULT, DEFAULT, 0);

INSERT INTO board (user_id, subject, content, hit, register_time, article_type)
VALUES
('ssafy', 'Subject 1', 'Content 1', DEFAULT, DEFAULT, 1),
('ssafy', 'Subject 2', 'Content 2', DEFAULT, DEFAULT, 1),
('ssafy', 'Subject 3', 'Content 3', DEFAULT, DEFAULT, 1),
('ssafy', 'Subject 4', 'Content 4', DEFAULT, DEFAULT, 1),
('ssafy', 'Subject 5', 'Content 5', DEFAULT, DEFAULT, 1),
('ssafy', 'Subject 6', 'Content 6', DEFAULT, DEFAULT, 1),
('ssafy', 'Subject 7', 'Content 7', DEFAULT, DEFAULT, 1),
('ssafy', 'Subject 8', 'Content 8', DEFAULT, DEFAULT, 1),
('ssafy', 'Subject 9', 'Content 9', DEFAULT, DEFAULT, 1),
('ssafy', 'Subject 10', 'Content 10', DEFAULT, DEFAULT, 1),
('ssafy', 'Subject 11', 'Content 11', DEFAULT, DEFAULT, 1),
('ssafy', 'Subject 12', 'Content 12', DEFAULT, DEFAULT, 1),
('ssafy', 'Subject 13', 'Content 13', DEFAULT, DEFAULT, 1),
('ssafy', 'Subject 14', 'Content 14', DEFAULT, DEFAULT, 1),
('ssafy', 'Subject 15', 'Content 15', DEFAULT, DEFAULT, 1),
('ssafy', 'Subject 16', 'Content 16', DEFAULT, DEFAULT, 1),
('ssafy', 'Subject 17', 'Content 17', DEFAULT, DEFAULT, 1),
('ssafy', 'Subject 18', 'Content 18', DEFAULT, DEFAULT, 1),
('ssafy', 'Subject 19', 'Content 19', DEFAULT, DEFAULT, 1),
('ssafy', 'Subject 20', 'Content 20', DEFAULT, DEFAULT, 1),
('ssafy', 'Subject 21', 'Content 21', DEFAULT, DEFAULT, 1),
('ssafy', 'Subject 22', 'Content 22', DEFAULT, DEFAULT, 1),
('ssafy', 'Subject 23', 'Content 23', DEFAULT, DEFAULT, 1),
('ssafy', 'Subject 24', 'Content 24', DEFAULT, DEFAULT, 1),
('ssafy', 'Subject 25', 'Content 25', DEFAULT, DEFAULT, 1),
('ssafy', 'Subject 26', 'Content 26', DEFAULT, DEFAULT, 1),
('ssafy', 'Subject 27', 'Content 27', DEFAULT, DEFAULT, 1),
('ssafy', 'Subject 28', 'Content 28', DEFAULT, DEFAULT, 1),
('ssafy', 'Subject 29', 'Content 29', DEFAULT, DEFAULT, 1),
('ssafy', 'Subject 30', 'Content 30', DEFAULT, DEFAULT, 1),
('ssafy', 'Subject 31', 'Content 31', DEFAULT, DEFAULT, 1),
('ssafy', 'Subject 32', 'Content 32', DEFAULT, DEFAULT, 1),
('ssafy', 'Subject 33', 'Content 33', DEFAULT, DEFAULT, 1),
('ssafy', 'Subject 34', 'Content 34', DEFAULT, DEFAULT, 1),
('ssafy', 'Subject 35', 'Content 35', DEFAULT, DEFAULT, 1),
('ssafy', 'Subject 36', 'Content 36', DEFAULT, DEFAULT, 1);


INSERT INTO user (user_id, user_name, user_password, email_id, email_domain, join_date, permission_level)
VALUES
('user1', 'User One', 'password1', 'user1_email', 'example.com', NOW(), 1),
('user2', 'User Two', 'password2', 'user2_email', 'example.com', NOW(), 1),
('user3', 'User Three', 'password3', 'user3_email', 'example.com', NOW(), 1),
('user4', 'User Four', 'password4', 'user4_email', 'example.com', NOW(), 1),
('user5', 'User Five', 'password5', 'user5_email', 'example.com', NOW(), 1),
('user6', 'User Six', 'password6', 'user6_email', 'example.com', NOW(), 1),
('user7', 'User Seven', 'password7', 'user7_email', 'example.com', NOW(), 1),
('user8', 'User Eight', 'password8', 'user8_email', 'example.com', NOW(), 1),
('user9', 'User Nine', 'password9', 'user9_email', 'example.com', NOW(), 1),
('user10', 'User Ten', 'password10', 'user10_email', 'example.com', NOW(), 1);

INSERT INTO user (user_id, user_name, user_password, email_id, email_domain, join_date, permission_level)
VALUES
('user11', 'User Eleven', 'password11', 'user11_email', 'example.com', NOW(), 1),
('user12', 'User Twelve', 'password12', 'user12_email', 'example.com', NOW(), 1),
('user13', 'User Thirteen', 'password13', 'user13_email', 'example.com', NOW(), 1),
('user14', 'User Fourteen', 'password14', 'user14_email', 'example.com', NOW(), 1),
('user15', 'User Fifteen', 'password15', 'user15_email', 'example.com', NOW(), 1),
('user16', 'User Sixteen', 'password16', 'user16_email', 'example.com', NOW(), 1),
('user17', 'User Seventeen', 'password17', 'user17_email', 'example.com', NOW(), 1),
('user18', 'User Eighteen', 'password18', 'user18_email', 'example.com', NOW(), 1),
('user19', 'User Nineteen', 'password19', 'user19_email', 'example.com', NOW(), 1),
('user20', 'User Twenty', 'password20', 'user20_email', 'example.com', NOW(), 1),
('user21', 'User Twenty-One', 'password21', 'user21_email', 'example.com', NOW(), 1),
('user22', 'User Twenty-Two', 'password22', 'user22_email', 'example.com', NOW(), 1),
('user23', 'User Twenty-Three', 'password23', 'user23_email', 'example.com', NOW(), 1),
('user24', 'User Twenty-Four', 'password24', 'user24_email', 'example.com', NOW(), 1),
('user25', 'User Twenty-Five', 'password25', 'user25_email', 'example.com', NOW(), 1),
('user26', 'User Twenty-Six', 'password26', 'user26_email', 'example.com', NOW(), 1),
('user27', 'User Twenty-Seven', 'password27', 'user27_email', 'example.com', NOW(), 1),
('user28', 'User Twenty-Eight', 'password28', 'user28_email', 'example.com', NOW(), 1),
('user29', 'User Twenty-Nine', 'password29', 'user29_email', 'example.com', NOW(), 1),
('user30', 'User Thirty', 'password30', 'user30_email', 'example.com', NOW(), 1);

INSERT INTO review (subject, apartmentName, content, user_id, aptCode, star, hit) 
VALUES 
('Great Place', '신천', 'Loved the location and amenities.', 'ssafy', 29155000000010, 5, 123),
('Good Value', '신천', 'Affordable and convenient.', 'ssafy', 29155000000010, 4, 98),
('Decent Experience', '신천', 'The apartment was okay, but had some issues.', 'ssafy', 29155000000010, 3, 56),
('Not Satisfied', '신천', 'Too noisy and the maintenance is poor.', 'ssafy', 29155000000010, 2, 34),
('Terrible Service', '신천', 'Very bad experience. Would not recommend.', 'ssafy', 29155000000010, 1, 21);



INSERT INTO review (subject, apartmentName, content, user_id, aptCode, star, hit) 
VALUES 
('Modern and Clean', '신천', 'The apartment has a very modern and clean design.', 'user1', 29155000000010, 5, 160),
('Friendly Staff', '신천', 'The staff are very friendly and helpful.', 'user2', 29155000000010, 5, 150),
('Nice View', '신천', 'Amazing view from the balcony.', 'user3', 29155000000010, 4, 140),
('Affordable', '신천', 'Good price for the location and amenities.', 'user4', 29155000000010, 4, 130),
('Well-located', '신천', 'Easy access to public transportation.', 'user5', 29155000000010, 4, 120),
('Just Okay', '신천', 'It\'s an okay place to live.', 'user6', 29155000000010, 3, 70),
('Needs Better Maintenance', '신천', 'Maintenance requests take too long.', 'user7', 29155000000010, 2, 50),
('Loud Neighbors', '신천', 'Neighbors are loud and inconsiderate.', 'user8', 29155000000010, 2, 40),
('Old Building', '신천', 'The building feels old and needs renovation.', 'user9', 29155000000010, 1, 30),
('Not Worth the Price', '신천', 'Too expensive for what you get.', 'user10', 29155000000010, 1, 20),

('Excellent Amenities', '신천', 'The gym and pool are top-notch.', 'user11', 29155000000011, 5, 180),
('Pet Friendly', '신천', 'Great place for pet owners.', 'user12', 29155000000011, 5, 170),
('Great Environment', '신천', 'Lovely environment with lots of greenery.', 'user13', 29155000000011, 4, 160),
('Convenient Facilities', '신천', 'Convenience stores and cafes nearby.', 'user14', 29155000000011, 4, 150),
('Secure', '신천', 'Very secure with 24/7 security.', 'user15', 29155000000011, 4, 140),
('Could Be Better', '신천', 'The apartment is fine but could use some improvements.', 'user16', 29155000000011, 3, 90),
('Too Small', '신천', 'The apartment is too small for the price.', 'user17', 29155000000011, 2, 60),
('Parking Issues', '신천', 'Parking is always a problem.', 'user18', 29155000000011, 2, 50),
('Poor Water Pressure', '신천', 'Water pressure in the shower is poor.', 'user19', 29155000000011, 1, 40),
('Bad Experience', '신천', 'Overall a bad experience. Not recommended.', 'user20', 29155000000011, 1, 25),

('Family Friendly', '신천', 'Perfect for families with children.', 'user21', 29155000000012, 5, 190),
('Stylish Interiors', '신천', 'Stylish and well-designed interiors.', 'user22', 29155000000012, 5, 180),
('Close to School', '신천', 'Very close to schools and parks.', 'user23', 29155000000012, 4, 170),
('Great Management', '신천', 'Management is very efficient and responsive.', 'user24', 29155000000012, 4, 160),
('Quiet and Peaceful', '신천', 'Very quiet and peaceful at night.', 'user25', 29155000000012, 4, 150),
('Not Bad', '신천', 'Not bad, but could be better.', 'user26', 29155000000012, 3, 100),
('A Bit Noisy', '신천', 'A bit noisy due to nearby construction.', 'user27', 29155000000012, 2, 70),
('Needs Renovation', '신천', 'The apartment needs some renovation work.', 'user28', 29155000000012, 2, 60),
('Poor Maintenance', '신천', 'Maintenance requests are not handled properly.', 'user29', 29155000000012, 1, 50),
('Worst Experience', '신천', 'The worst living experience I\'ve ever had.', 'user30', 29155000000012, 1, 30);





